Metric,HumanMAC
APD,6.156429
ADE,0.36820534
FDE,0.48006237
MMADE,0.51195
MMFDE,0.5447201
