{
  "ADE": 0.3691016212898673,
  "FDE": 0.4775591638925321,
  "MMADE": 0.5103426545299014,
  "MMFDE": 0.5435210269480806
}