{
  "cal_default": {
    "0.5": 0.38962,
    "0.6": 0.46766,
    "0.7": 0.55306,
    "0.8": 0.65486,
    "0.9": 0.76872,
    "0.95": 0.8418
  },
  "cal_calibrated": {
    "0.5": 0.64058,
    "0.6": 0.71296,
    "0.7": 0.78218,
    "0.8": 0.84428,
    "0.9": 0.90686,
    "0.95": 0.94308
  }
}