{
  "ADE": 0.40592000238170656,
  "FDE": 0.5135492443643372
}