{
  "0.001": {
    "ADE": 0.4527878524661064,
    "FDE": 0.5358568182736635,
    "mean_loss": 0.014575663828291
  },
  "0.005": {
    "ADE": 0.5658517637550831,
    "FDE": 0.5910517646074295,
    "mean_loss": 0.014552041353890672
  },
  "0.01": {
    "ADE": 0.6694550294280052,
    "FDE": 0.6465297291874885,
    "mean_loss": 0.014248680262826384
  },
  "0.02": {
    "ADE": 0.8098194601535798,
    "FDE": 0.7232287024855614,
    "mean_loss": 0.014794482133584096
  },
  "0.05": {
    "ADE": 1.1934915065765381,
    "FDE": 1.1114955105781554,
    "mean_loss": 0.014411069437628612
  },
  "0.1": {
    "ADE": 4.0246607432365415,
    "FDE": 3.2520678794384,
    "mean_loss": 0.014473309220047668
  }
}