{
  "ADE": 0.4824630665497699,
  "FDE": 0.5312197181041534
}