{
  "0.001": {
    "ADE": 0.4541418193429708,
    "FDE": 0.542317994594574,
    "mean_loss": 0.017037197269964964
  },
  "0.005": {
    "ADE": 0.5762217177152633,
    "FDE": 0.5849574654698372,
    "mean_loss": 0.03363698228262365
  },
  "0.01": {
    "ADE": 0.6955368264913558,
    "FDE": 0.65610909730196,
    "mean_loss": 0.0541737094707787
  },
  "0.02": {
    "ADE": 0.8315166937112808,
    "FDE": 0.7264369167685508,
    "mean_loss": 0.09695634737610817
  },
  "0.05": {
    "ADE": 1.1926823155879975,
    "FDE": 1.136359244465828,
    "mean_loss": 11.579658257961274
  },
  "0.1": {
    "ADE": 6.297574964523315,
    "FDE": 4.41244132232666,
    "mean_loss": 532.8319296264649
  }
}