{
  "temp_coverages": {
    "0.5": 0.10389157792836398,
    "0.7": 0.30221684414327205,
    "0.8": 0.4452178121974831,
    "0.9": 0.5845885769603097,
    "1.0": 0.7086060019361085,
    "1.1": 0.8004743465634075,
    "1.2": 0.8720038722168442,
    "1.5": 0.9751887705711519,
    "2.0": 0.998702807357212
  },
  "best_T": 1.2
}