metric,p50_ms,p90_ms,p99_ms,mean_ms,std_ms,throughput_seq_per_s
single_seq,363.00954141188413,367.1558073256165,377.04249211354187,363.2794366660528,3.9364492153638517,2.75270191227272
batch_1,365.06573599763215,366.9642969267443,,,,2.7370900667898423
batch_8,400.69281542673707,404.7865984030068,,,,19.896607679734636
batch_16,411.31271852646023,413.2749128853902,,,,38.91719901615203
batch_32,437.26357945706695,438.8043663930148,,,,73.16111246503095
batch_64,581.5420290455222,583.4394584642723,,,,109.72055123865894
