Metric,HumanMAC
APD,3.363768
ADE,0.21640610000000002
FDE,0.26686794
MMADE,0.4298594
MMFDE,0.4648649
