Metric,HumanMAC
APD,3.369499
ADE,0.21784812
FDE,0.26915067
MMADE,0.4298027
MMFDE,0.46410093
