Metric,HumanMAC
APD,6.8759437
ADE,0.40742552
FDE,0.51820225
MMADE,0.51887757
MMFDE,0.5619733
