Metric,HumanMAC
APD,6.20594
ADE,0.36847472
FDE,0.47761625
MMADE,0.5088581
MMFDE,0.5421776
